{"cameraMode":{"drawMode":0,"name":"Shaded","section":"Shading Mode"},"sceneLighting":true,"audioPlay":false,"sceneViewState":{"showFog":true,"showMaterialUpdate":false,"showSkybox":true,"showFlares":true,"showImageEffects":true,"showParticleSystems":true},"in2DMode":false,"pivot":{"x":-2.6119842529296877,"y":0.6362519264221191,"z":0.0},"rotation":{"x":-0.061793625354766849,"y":-0.8896519541740418,"z":0.12656010687351228,"w":-0.43437716364860537},"size":51.071624755859378,"orthographic":false}